<?xml version="1.0" encoding="UTF-8"?>
<metadata xml:lang="en"><Esri><CreaDate>20170505</CreaDate><CreaTime>18003900</CreaTime><ArcGISFormat>1.0</ArcGISFormat><ArcGISstyle>Item Description</ArcGISstyle><SyncOnce>FALSE</SyncOnce><DataProperties><lineage><Process ToolSource="c:\arcgis\desktop10.2\ArcToolbox\Toolboxes\Data Management Tools.tbx\CreateFeatureclass" Date="20160603" Time="132110" Name="" export="">CreateFeatureclass D:\Users\cprice\work\PourPoint\nhdplus1.gdb fpp01a POINT in_memory\xxppt0 DISABLED DISABLED "PROJCS['NAD_1983_Albers',GEOGCS['GCS_North_American_1983',DATUM['D_North_American_1983',SPHEROID['GRS_1980',6378137.0,298.257222101]],PRIMEM['Greenwich',0.0],UNIT['Degree',0.0174532925199433]],PROJECTION['Albers'],PARAMETER['False_Easting',0.0],PARAMETER['False_Northing',0.0],PARAMETER['Central_Meridian',-96.0],PARAMETER['Standard_Parallel_1',29.5],PARAMETER['Standard_Parallel_2',45.5],PARAMETER['Latitude_Of_Origin',23.0],UNIT['Meter',1.0]],VERTCS['Unknown VCS',VDATUM['Unknown'],PARAMETER['Vertical_Shift',0.0],PARAMETER['Direction',1.0],UNIT['User_Defined_Unit',0.01]];-16901100 -6972200 266467840.990852;#;#;0.001;#;#;IsHighPrecision" # 0 0 0</Process><Process ToolSource="c:\arcgis\desktop10.2\ArcToolbox\Toolboxes\Data Management Tools.tbx\DeleteField" Date="20160603" Time="132110" Name="" export="">DeleteField _lyrFromPt GRID_CODE</Process><Process ToolSource="c:\arcgis\desktop10.2\ArcToolbox\Toolboxes\Data Management Tools.tbx\Append" Date="20160603" Time="132111" Name="" export="">Append in_memory\xxppt0 _lyrFromPt NO_TEST "pointid "pointid" true true false 4 Long 0 0 ,First,#,in_memory\xxppt0,pointid,-1,-1;HUCID "HUCID" true true false 4 Long 0 0 ,First,#,in_memory\xxppt0,HUCID,-1,-1;FDCODE "FDCODE" true true false 4 Long 0 0 ,First,#,in_memory\xxppt0,FDCODE,-1,-1;FILL "FILL" true true false 4 Long 0 0 ,First,#,in_memory\xxppt0,FILL,-1,-1;PCTPOUR "PCTPOUR" true true false 4 Float 0 0 ,First,#,in_memory\xxppt0,PCTPOUR,-1,-1;VPCTPOUR "VPCTPOUR" true true false 4 Float 0 0 ,First,#,in_memory\xxppt0,VPCTPOUR,-1,-1;DOWNHUC "DOWNHUC" true true false 16 Text 0 0 ,First,#,in_memory\xxppt0,DOWNHUC,-1,-1;HUC_12 "HUC_12" true true false 16 Text 0 0 ,First,#,in_memory\xxppt0,HUC_12,-1,-1;HU_12_DS "HU_12_DS" true true false 16 Text 0 0 ,First,#,in_memory\xxppt0,HU_12_DS,-1,-1;ISSINK "ISSINK" true true false 4 Long 0 0 ,First,#,in_memory\xxppt0,ISSINK,-1,-1;DOWNFLAG "DOWNFLAG" true true false 4 Long 0 0 ,First,#,in_memory\xxppt0,DOWNFLAG,-1,-1" #</Process><Process ToolSource="c:\arcgis\desktop10.2\ArcToolbox\Toolboxes\Data Management Tools.tbx\AddField" Date="20160603" Time="132116" Name="" export="">AddField _lyrFromPt TOHUC_DIST FLOAT # # # # NULLABLE NON_REQUIRED #</Process><Process ToolSource="c:\arcgis\desktop10.2\ArcToolbox\Toolboxes\Data Management Tools.tbx\CalculateField" Date="20160603" Time="132116" Name="" export="">CalculateField _lyrFromPt TOHUC_DIST 0 PYTHON #</Process><Process ToolSource="c:\arcgis\desktop10.4\ArcToolbox\Toolboxes\Analysis Tools.tbx\Clip" Date="20170505" Time="162645">Clip F:/WBD/fpp/fpp.shp Q:/WORK/NHDPlusV2/NHDPlusNE/NHDPlus01/NHDPlusCatchment/catchment.shp F:\WBD\HUC12_Assoc\HUC12_Outlet_COMIDs_PU01.shp #</Process><Process ToolSource="c:\arcgis\desktop10.4\ArcToolbox\Toolboxes\Analysis Tools.tbx\Near" Date="20170505" Time="162651">Near F:/WBD/HUC12_Assoc/HUC12_Outlet_COMIDs_PU01.shp idFeatures2 # NO_LOCATION NO_ANGLE PLANAR</Process><Process ToolSource="c:\arcgis\desktop10.4\ArcToolbox\Toolboxes\Data Management Tools.tbx\JoinField" Date="20170505" Time="162727">JoinField F:/WBD/HUC12_Assoc/HUC12_Outlet_COMIDs_PU01.shp NEAR_FID idTable2 FID #</Process></lineage><itemProps><itemName Sync="TRUE">HUC12_Outlet_COMIDs_PU01</itemName><itemLocation><linkage Sync="TRUE">file://\\IGSACNEWWSMEWI9\F$\WBD\HUC12_Assoc\HUC12_Outlet_COMIDs_PU01.shp</linkage><protocol Sync="TRUE">Local Area Network</protocol></itemLocation><nativeExtBox><westBL Sync="TRUE">-2354130.000011</westBL><eastBL Sync="TRUE">2252279.999964</eastBL><southBL Sync="TRUE">323370.000021</southBL><northBL Sync="TRUE">3165119.999990</northBL><exTypeCode Sync="TRUE">1</exTypeCode></nativeExtBox><imsContentType Sync="TRUE">002</imsContentType><itemSize Sync="TRUE">0.000</itemSize></itemProps><coordRef><type Sync="TRUE">Projected</type><geogcsn Sync="TRUE">GCS_North_American_1983</geogcsn><csUnits Sync="TRUE">Linear Unit: Meter (1.000000)</csUnits><projcsn Sync="TRUE">NAD_1983_Albers</projcsn><peXml Sync="TRUE">&lt;ProjectedCoordinateSystem xsi:type='typens:ProjectedCoordinateSystem' xmlns:xsi='http://www.w3.org/2001/XMLSchema-instance' xmlns:xs='http://www.w3.org/2001/XMLSchema' xmlns:typens='http://www.esri.com/schemas/ArcGIS/10.4'&gt;&lt;WKT&gt;PROJCS[&amp;quot;NAD_1983_Albers&amp;quot;,GEOGCS[&amp;quot;GCS_North_American_1983&amp;quot;,DATUM[&amp;quot;D_North_American_1983&amp;quot;,SPHEROID[&amp;quot;GRS_1980&amp;quot;,6378137.0,298.257222101]],PRIMEM[&amp;quot;Greenwich&amp;quot;,0.0],UNIT[&amp;quot;Degree&amp;quot;,0.0174532925199433]],PROJECTION[&amp;quot;Albers&amp;quot;],PARAMETER[&amp;quot;False_Easting&amp;quot;,0.0],PARAMETER[&amp;quot;False_Northing&amp;quot;,0.0],PARAMETER[&amp;quot;Central_Meridian&amp;quot;,-96.0],PARAMETER[&amp;quot;Standard_Parallel_1&amp;quot;,29.5],PARAMETER[&amp;quot;Standard_Parallel_2&amp;quot;,45.5],PARAMETER[&amp;quot;Latitude_Of_Origin&amp;quot;,23.0],UNIT[&amp;quot;Meter&amp;quot;,1.0]],VERTCS[&amp;quot;Unknown VCS&amp;quot;,VDATUM[&amp;quot;Unknown&amp;quot;],PARAMETER[&amp;quot;Vertical_Shift&amp;quot;,0.0],PARAMETER[&amp;quot;Direction&amp;quot;,1.0],UNIT[&amp;quot;User_Defined_Unit&amp;quot;,0.01]]&lt;/WKT&gt;&lt;XOrigin&gt;-16901100&lt;/XOrigin&gt;&lt;YOrigin&gt;-6972200&lt;/YOrigin&gt;&lt;XYScale&gt;266467840.99085236&lt;/XYScale&gt;&lt;ZOrigin&gt;-100000&lt;/ZOrigin&gt;&lt;ZScale&gt;100.00000000000001&lt;/ZScale&gt;&lt;MOrigin&gt;-100000&lt;/MOrigin&gt;&lt;MScale&gt;10000&lt;/MScale&gt;&lt;XYTolerance&gt;0.001&lt;/XYTolerance&gt;&lt;ZTolerance&gt;0.10000000000000001&lt;/ZTolerance&gt;&lt;MTolerance&gt;0.001&lt;/MTolerance&gt;&lt;HighPrecision&gt;true&lt;/HighPrecision&gt;&lt;/ProjectedCoordinateSystem&gt;</peXml></coordRef></DataProperties><SyncDate>20170505</SyncDate><SyncTime>16255800</SyncTime><ModDate>20170505</ModDate><ModTime>16255800</ModTime><scaleRange><minScale>150000000</minScale><maxScale>5000</maxScale></scaleRange><ArcGISProfile>FGDC</ArcGISProfile></Esri><mdLang><languageCode value="eng"/><countryCode value="USA" Sync="TRUE"/></mdLang><mdChar><CharSetCd value="004"/></mdChar><mdHrLv><ScopeCd value="005"/></mdHrLv><mdContact><rpIndName>Curtis V Price</rpIndName><rpOrgName>U.S. Geological Survey, Midwest Region</rpOrgName><rpPosName>Physical Scientist</rpPosName><rpCntInfo><cntPhone><voiceNum>605-394-3242</voiceNum><faxNum>605-355-4523</faxNum></cntPhone><cntAddress addressType="postal"><delPoint>1608 Mountain View Rd</delPoint><city>Rapid City</city><adminArea>SD</adminArea><postCode>57702</postCode><eMailAdd>cprice@usgs.gov</eMailAdd></cntAddress></rpCntInfo><role><RoleCd value="007"/></role></mdContact><mdDateSt Sync="TRUE">20170505</mdDateSt><mdStanName>ArcGIS Metadata</mdStanName><mdStanVer>1.0</mdStanVer><distInfo><distributor><distorCont><rpIndName>Curtis V Price</rpIndName><rpOrgName>U.S. Geological Survey, Midwest Region</rpOrgName><rpPosName>Physical Scientist</rpPosName><rpCntInfo><cntPhone><voiceNum>605-394-3242</voiceNum><faxNum>605-355-4523</faxNum></cntPhone><cntAddress addressType="postal"><delPoint>1608 Mountain View Rd</delPoint><city>Rapid City</city><adminArea>SD</adminArea><postCode>57702</postCode><eMailAdd>cprice@usgs.gov</eMailAdd></cntAddress></rpCntInfo><role><RoleCd value="005"/></role></distorCont><distorOrdPrc><resFees>None. No fees are applicable for obtaining the data set.</resFees></distorOrdPrc><distorFormat><formatName>Vector Digital Data Set (Point)</formatName></distorFormat><distorTran><onLineSrc><linkage>ftp://ftpint.usgs.gov/private/nonvisible/cr/cprice</linkage></onLineSrc></distorTran></distributor><distFormat><formatName Sync="TRUE">Shapefile</formatName></distFormat><distTranOps><transSize Sync="TRUE">0.000</transSize></distTranOps></distInfo><dataIdInfo><idCitation><resTitle Sync="TRUE">HUC12_Outlet_COMIDs_PU01</resTitle><date><pubDate>2016-06-06</pubDate></date><citRespParty><rpOrgName>Curtis Price</rpOrgName><role><RoleCd value="006"/></role></citRespParty><presForm><fgdcGeoform>Vector Digital Data Set (Point)</fgdcGeoform><PresFormCd value="005" Sync="TRUE"/></presForm></idCitation><idAbs>&lt;DIV STYLE="text-align:Left;"&gt;&lt;DIV&gt;&lt;DIV&gt;&lt;P&gt;&lt;SPAN&gt;Pour points derived from NHDPlus V2.1 flow direction rasters and the NHDPlus V2.1 WBD HU12 snapshot. Three sets of pour points are provided: From and to points that identify the location where raster flow leaves the HU12 polygon, and a third "vector pour point" selected "upstream" for use in detecting flow confluences near the raster pour point locations. This dataset is PROVISIONAL and SUBJECT TO REVISION.&lt;/SPAN&gt;&lt;/P&gt;&lt;/DIV&gt;&lt;/DIV&gt;&lt;/DIV&gt;</idAbs><idPurp>These pour points provide locations where one HU12 flows into another as defined by the NHDPlus flow direction rasters. This information may be useful for various applications that require to know the location of these raster flow "pour points".</idPurp><idStatus><ProgCd value="001"/></idStatus><idPoC><rpIndName>Curtis V Price</rpIndName><rpOrgName>U.S. Geological Survey, Midwest Region</rpOrgName><rpPosName>Physical Scientist</rpPosName><rpCntInfo><cntPhone><voiceNum>605-394-3242</voiceNum><faxNum>605-355-4523</faxNum></cntPhone><cntAddress addressType="postal"><delPoint>1608 Mountain View Rd</delPoint><city>Rapid City</city><adminArea>SD</adminArea><postCode>57702</postCode><eMailAdd>cprice@usgs.gov</eMailAdd></cntAddress></rpCntInfo><role><RoleCd value="007"/></role></idPoC><resMaint><maintFreq><MaintFreqCd value="011"/></maintFreq></resMaint><placeKeys><thesaName><resTitle>Common geographic areas</resTitle></thesaName><keyword>North America</keyword><keyword>United States</keyword></placeKeys><placeKeys><keyword>conterminous</keyword></placeKeys><themeKeys><thesaName><resTitle>ISO 19115 Topic Category</resTitle></thesaName><keyword>elevation</keyword><keyword>inlandWaters</keyword></themeKeys><themeKeys><thesaName><resTitle>USGS Thesaurus</resTitle></thesaName><keyword>surface water (non-marine)</keyword><keyword>watershed management</keyword></themeKeys><searchKeys><keyword>surface water (non-marine)</keyword><keyword>elevation</keyword><keyword>North America</keyword><keyword>watershed management</keyword><keyword>inlandWaters</keyword><keyword>United States</keyword><keyword>conterminous</keyword></searchKeys><resConst><LegConsts><useLimit>Distributor assumes no liability for misuse of data.</useLimit><othConsts>None. Please see 'Distribution Info' for details.</othConsts></LegConsts></resConst><resConst><Consts><useLimit>&lt;DIV STYLE="text-align:Left;"&gt;&lt;DIV&gt;&lt;DIV&gt;&lt;P&gt;&lt;SPAN&gt;None. Users are advised to read the data set's metadata thoroughly to understand appropriate use and data limitations.&lt;/SPAN&gt;&lt;/P&gt;&lt;/DIV&gt;&lt;/DIV&gt;&lt;/DIV&gt;</useLimit></Consts></resConst><spatRpType><SpatRepTypCd value="001"/></spatRpType><dataLang><languageCode value="eng"/><countryCode value="USA" Sync="TRUE"/></dataLang><envirDesc Sync="TRUE">Microsoft Windows 7 Version 6.1 (Build 7601) Service Pack 1; Esri ArcGIS 10.4.1.5686</envirDesc><dataExt><exDesc>publication date</exDesc><tempEle><TempExtent><exTemp><TM_Instant><tmPosition>2016-06-06</tmPosition></TM_Instant></exTemp></TempExtent></tempEle></dataExt><dataExt><geoEle><GeoBndBox><westBL>-127.82988725</westBL><eastBL>-65.452426763</eastBL><southBL>23.359578893</southBL><northBL>50.519546677</northBL></GeoBndBox></geoEle></dataExt><suppInfo>WBD Pour Point Processing Steps 1. The input flow direction raster is clipped to the HU12 polygon extent 2. A weight grid is created where cells inside the HU12 polygon are set to one and cells outside the HU12 are set to zero 3. Flow accumulation is calculated for the current extent, using the weight grid 4. The cell with maximum flow accumulation is selected. A point feature is created at the center of this grid cell, and its flow direction and flow accumulation value (number of cells it drains) is recorded. (This value will saved in the FDCODE field). The flow accumulation value is divided by the number of cells in the HUC12 to populate the PCTPOUR field. 5. The flow direction at this location is recorded. Flow direction codes are as follows if the cell is not a sink (ie if that cell flows out of the HU12): &gt; 32 64 128 &gt; 16 0 1 &gt; 8 4 2 If the FDCODE value is zero, the location is a sink (does not flow to another HUC12 polygon area. The ISSINK field will be set to one. 6. If the pour point is a sink, and elevation data is provided, it is clipped to the HUC12, filled, and steps 1 to 5 above are rerun using the new flow directions. If this "fill and spill" is done, the output FILL field will be set to one. Otherwise, FILL will be zero. 7. The cell with the largest flow accumulation value more than a specified number of cells (default 4) from the pour point is determined. This is the "vector pour point", its location and flow accumulation value (number of cells) is captured and divided by the number of cells in the HU12 and saved in the VPCTPOUR field. 8. If the flow direction is defined as a power of two, a second point location is generated using the flow direction downstream (to-point) 9. A point in polygon overlay is done to dermine the HUC12 polygon under this to-point location. The HUC12 code is copied to the DOWNHUC field. 10. the HUC12 code and to-huc code (HUC_12, HUC_12_DS, or HU12, ToHUC, depending on WBD version used) is saved to the output table. 11. DOWNFLAG is populated using the following codes: DOWNFLAG = 0 the ToHUC discovered using the flow directions matches the ToHUC found in WBD for that HU12 polygon. DOWNFLAG = 1 ToHUC is null. This is common when for pour points that flow out of the WBD polygon feature class, for example, for the pour point flowing out of the fdr/fac raster processing units (processing tiles). DOWNFLAG = 2 the ToHUC discovered using the flow directions does NOT match ToHUC found in WBD for that HU12 polygon. This can be caused by incorrect ToHUCs or inconsistencies between DEM-generated flow and flow designated in the WBD. 12. ToHUC_Dist is caculated if DOWNFLAG = 2. This value can be used as a diagnostic tool to determine the cause of the problem.</suppInfo><dataExt><geoEle xmlns=""><GeoBndBox esriExtentType="search"><exTypeCode Sync="TRUE">1</exTypeCode><westBL Sync="TRUE">-127.829887</westBL><eastBL Sync="TRUE">-65.452427</eastBL><northBL Sync="TRUE">51.536104</northBL><southBL Sync="TRUE">23.359579</southBL></GeoBndBox></geoEle></dataExt><dataChar><CharSetCd value="004"></CharSetCd></dataChar><tpCat><TopicCatCd value="012"/></tpCat><tpCat><TopicCatCd value="006"/></tpCat></dataIdInfo><dqInfo xmlns=""><dqScope><scpLvl><ScopeCd value="005"/></scpLvl></dqScope><report type="DQConcConsis" dimension="" xmlns=""><measDesc>No formal logical accuracy tests were conducted.</measDesc></report><report type="DQCompOm" dimension="" xmlns=""><measDesc>Data set is considered complete for the information presented, as described in the abstract. Users are advised to read the rest of the metadata record carefully for additional details.</measDesc></report><report type="DQQuanAttAcc" dimension="" xmlns=""><measDesc>No formal attribute accuracy tests were conducted.</measDesc></report><report type="DQAbsExtPosAcc" dimension="horizontal" xmlns=""><measDesc>A formal accuracy assessment of the horizontal positional information in the data set has not been conducted.</measDesc></report><report type="DQAbsExtPosAcc" dimension="vertical" xmlns=""><measDesc>A formal accuracy assessment of the vertical positional information in the data set has either not been conducted, or is not applicable.</measDesc></report><dataLineage><statement>This dataset is derived from NHDPlus V21 flow direction rasters and Watershed Boundary Dataset Snapshot</statement><dataSource xmlns="" type=""><srcDesc>NHDPlus V21 flow direction rasters and Watershed Boundary Dataset Snapshot</srcDesc><srcMedName><MedNameCd value="015"/></srcMedName><srcRefSys xmlns=""><identCode code="4269"/><identAuth xmlns=""><resTitle>EPSG</resTitle><resAltTitle>NAD83</resAltTitle></identAuth></srcRefSys></dataSource><prcStep xmlns=""><stepDesc>Processing of NHDPlus datasets completed</stepDesc><stepDateTm>2016-06-06</stepDateTm></prcStep></dataLineage></dqInfo><spatRepInfo><VectSpatRep><geometObjs Name="HUC12_Outlet_COMIDs_PU01"><geoObjTyp><GeoObjTypCd value="004" Sync="TRUE"></GeoObjTypCd></geoObjTyp><geoObjCnt Sync="TRUE">0</geoObjCnt></geometObjs><topLvl><TopoLevCd value="001" Sync="TRUE"></TopoLevCd></topLvl></VectSpatRep></spatRepInfo><eainfo><detailed Name="HUC12_Outlet_COMIDs_PU01" xmlns=""><enttyp><enttypl Sync="TRUE">HUC12_Outlet_COMIDs_PU01</enttypl><enttypd>Table containing attribute information associated with the data set.</enttypd><enttypds>Producer defined</enttypds><enttypt Sync="TRUE">Feature Class</enttypt><enttypc Sync="TRUE">0</enttypc></enttyp><attr><attrlabl Sync="TRUE">FID</attrlabl><attalias Sync="TRUE">FID</attalias><attrtype Sync="TRUE">OID</attrtype><attwidth Sync="TRUE">4</attwidth><atprecis Sync="TRUE">0</atprecis><attscale Sync="TRUE">0</attscale><attrdef Sync="TRUE">Internal feature number.</attrdef><attrdefs Sync="TRUE">Esri</attrdefs><attrdomv><udom Sync="TRUE">Sequential unique whole numbers that are automatically generated.</udom></attrdomv></attr><attr xmlns=""><attrlabl Sync="TRUE">Shape</attrlabl><attalias Sync="TRUE">Shape</attalias><attrtype Sync="TRUE">Geometry</attrtype><attwidth Sync="TRUE">0</attwidth><atprecis Sync="TRUE">0</atprecis><attscale Sync="TRUE">0</attscale><attrdef Sync="TRUE">Feature geometry.</attrdef><attrdefs Sync="TRUE">Esri</attrdefs><attrdomv><udom Sync="TRUE">Coordinates defining the features.</udom></attrdomv></attr><attr xmlns=""><attrlabl>PCTPOUR</attrlabl><attrdef>Percentage of HU12 upstream of pour point. If this value is near 100.0, it is very likely that the raster flow directions align closely with the WBD HU12 boundary.</attrdef><attrdefs>Producer defined</attrdefs><attrdomv><rdom xmlns=""><rdommin>0</rdommin><rdommax>99.9999084472656</rdommax></rdom></attrdomv><attalias Sync="TRUE">PCTPOUR</attalias><attrtype Sync="TRUE">Single</attrtype><attwidth Sync="TRUE">13</attwidth><atprecis Sync="TRUE">0</atprecis><attscale Sync="TRUE">0</attscale></attr><attr xmlns=""><attrlabl>FILL</attrlabl><attrdef>Flag indicating whether HU12 fill processing was done</attrdef><attrdefs>Producer defined</attrdefs><attrdomv><rdom xmlns=""><rdommin>0</rdommin><rdommax>1</rdommax></rdom></attrdomv><attalias Sync="TRUE">FILL</attalias><attrtype Sync="TRUE">Integer</attrtype><attwidth Sync="TRUE">10</attwidth><atprecis Sync="TRUE">10</atprecis><attscale Sync="TRUE">0</attscale></attr><attr xmlns=""><attrlabl>FDCODE</attrlabl><attrdef>Flow Direction code, indicating pour point flow direction. These are defined as powers of two, with 1 being east, 2, southeast, etc. to 128 being northeast.</attrdef><attrdefs>Producer defined</attrdefs><attrdomv><rdom xmlns=""><rdommin>0</rdommin><rdommax>128</rdommax></rdom></attrdomv><attalias Sync="TRUE">FDCODE</attalias><attrtype Sync="TRUE">Integer</attrtype><attwidth Sync="TRUE">10</attwidth><atprecis Sync="TRUE">10</atprecis><attscale Sync="TRUE">0</attscale></attr><attr xmlns=""><attrlabl>TOHUC_DIST</attrlabl><attrdef>Distance (in meters) from from pour point to the WBD ToHUC - this value is calculated only if the DOWNHUC is not equal to the ToHUC. If this value is small, it is likely that there is misaligment or other confusion between the raster flow directions and the WBD designated flow. </attrdef><attrdefs>Producer defined</attrdefs><attrdomv><rdom xmlns=""><rdommin>-2</rdommin><rdommax>240443.5625</rdommax></rdom></attrdomv><attalias Sync="TRUE">TOHUC_DIST</attalias><attrtype Sync="TRUE">Single</attrtype><attwidth Sync="TRUE">13</attwidth><atprecis Sync="TRUE">0</atprecis><attscale Sync="TRUE">0</attscale></attr><attr xmlns=""><attrlabl>DOWNFLAG</attrlabl><attrdef>0: ToHUC and DOWNHUC match
1: ToHUC and DOWNHUC do not match
2: DOWNHUC is null</attrdef><attrdefs>Producer defined</attrdefs><attrdomv><rdom xmlns=""><rdommin>0</rdommin><rdommax>2</rdommax></rdom></attrdomv><attalias Sync="TRUE">DOWNFLAG</attalias><attrtype Sync="TRUE">Integer</attrtype><attwidth Sync="TRUE">10</attwidth><atprecis Sync="TRUE">10</atprecis><attscale Sync="TRUE">0</attscale></attr><attr xmlns=""><attrlabl>ISSINK</attrlabl><attrdef>The pour point is a sink. Raster flow does not leave the HU12.</attrdef><attrdefs>Producer defined</attrdefs><attrdomv><rdom xmlns=""><rdommin>0</rdommin><rdommax>1</rdommax></rdom></attrdomv><attalias Sync="TRUE">ISSINK</attalias><attrtype Sync="TRUE">Integer</attrtype><attwidth Sync="TRUE">10</attwidth><atprecis Sync="TRUE">10</atprecis><attscale Sync="TRUE">0</attscale></attr><attr xmlns=""><attrlabl>HU_12_DS</attrlabl><attrdef>WBD snapshot ToHUC value</attrdef><attrdefs>Producer defined</attrdefs><attrdomv><udom>Unknown</udom></attrdomv><attalias Sync="TRUE">HU_12_DS</attalias><attrtype Sync="TRUE">String</attrtype><attwidth Sync="TRUE">16</attwidth><atprecis Sync="TRUE">0</atprecis><attscale Sync="TRUE">0</attscale></attr><attr xmlns=""><attrlabl>DOWNHUC</attrlabl><attrdef>Unknown</attrdef><attrdefs>Producer defined</attrdefs><attrdomv><udom>Unknown</udom></attrdomv><attalias Sync="TRUE">DOWNHUC</attalias><attrtype Sync="TRUE">String</attrtype><attwidth Sync="TRUE">16</attwidth><atprecis Sync="TRUE">0</atprecis><attscale Sync="TRUE">0</attscale></attr><attr xmlns=""><attrlabl>HUC_12</attrlabl><attrdef>Unknown</attrdef><attrdefs>Producer defined</attrdefs><attrdomv><udom>Unknown</udom></attrdomv><attalias Sync="TRUE">HUC_12</attalias><attrtype Sync="TRUE">String</attrtype><attwidth Sync="TRUE">16</attwidth><atprecis Sync="TRUE">0</atprecis><attscale Sync="TRUE">0</attscale></attr><attr xmlns=""><attrlabl>VPCTPOUR</attrlabl><attrdef>Unknown</attrdef><attrdefs>Producer defined</attrdefs><attrdomv><rdom><rdommin>-1</rdommin><rdommax>99.9961700439453</rdommax></rdom></attrdomv><attalias Sync="TRUE">VPCTPOUR</attalias><attrtype Sync="TRUE">Single</attrtype><attwidth Sync="TRUE">13</attwidth><atprecis Sync="TRUE">0</atprecis><attscale Sync="TRUE">0</attscale></attr></detailed><overview xmlns=""><eaover>The entity and attribute information provided here describes the tabular data associated with the data set. Please review the detailed descriptions that are provided (the individual attribute descriptions) for information on the values that appear as fields/table entries of the data set. See the Supplementary_Information for more details about the fields and how they are populated.</eaover><eadetcit>The entity and attribute information was generated by the individual and/or agency identified as the originator of the data set. Please review the rest of the metadata record for additional details and information.</eadetcit></overview></eainfo><mdHrLvName Sync="TRUE">dataset</mdHrLvName><refSysInfo><RefSystem><refSysID><identCode code="0" Sync="TRUE"/></refSysID></RefSystem></refSysInfo><spdoinfo><ptvctinf><esriterm Name="HUC12_Outlet_COMIDs_PU01"><efeatyp Sync="TRUE">Simple</efeatyp><efeageom code="1" Sync="TRUE"></efeageom><esritopo Sync="TRUE">FALSE</esritopo><efeacnt Sync="TRUE">0</efeacnt><spindex Sync="TRUE">FALSE</spindex><linrefer Sync="TRUE">FALSE</linrefer></esriterm></ptvctinf></spdoinfo></metadata>
